subj,task,attach_site,itemN,rt
1,window,low,1,410.7
1,window,low,2,391
1,window,low,3,313
1,window,low,4,509.4
1,window,low,5,336
1,window,low,6,353.9
1,window,low,7,493
1,window,low,8,349.2
1,window,low,9,733.4
1,window,low,10,349.6
1,window,low,11,327.5
1,window,low,12,312.3
1,window,high,13,488.5
1,window,high,14,350.6
1,window,high,15,372.1
1,window,high,16,405.2
1,window,high,17,407.4
1,window,high,18,291.5
1,window,high,19,360.4
1,window,high,20,353.2
1,window,high,21,733.4
1,window,high,22,354.6
1,window,high,23,373.7
1,window,high,24,387
2,window,low,1,319.8
2,window,low,2,724.1
2,window,low,3,975
2,window,low,4,533.1
2,window,low,5,488.1
2,window,low,6,853.4
2,window,low,7,324.9
2,window,low,8,212.1
2,window,low,9,473.9
2,window,low,10,289.2
2,window,low,11,420.5
2,window,low,12,265.5
2,window,high,13,369.3
2,window,high,14,353.7
2,window,high,15,584.8
2,window,high,16,975
2,window,high,17,574.7
2,window,high,18,485.2
2,window,high,19,388.1
2,window,high,20,339.6
2,window,high,21,674.7
2,window,high,22,281.5
2,window,high,23,465.9
2,window,high,24,271.2
3,window,low,1,162.5
3,window,low,2,309.6
3,window,low,3,468.9
3,window,low,4,534.5
3,window,low,5,381.1
3,window,low,6,163.6
3,window,low,7,712
3,window,low,8,188.1
3,window,low,9,184.3
3,window,low,10,192.8
3,window,low,11,368.4
3,window,low,12,188.1
3,window,high,14,444.6
3,window,high,15,403.6
3,window,high,16,417.7
3,window,high,17,265
3,window,high,18,227.7
3,window,high,19,422.2
3,window,high,20,149.8
3,window,high,21,172.7
3,window,high,22,734.5
3,window,high,23,1289.5
3,window,high,24,712
4,window,low,1,221.4
4,window,low,2,1190.6
4,window,low,3,493.3
4,window,low,4,353.2
4,window,low,5,281
4,window,low,6,1365.9
4,window,low,7,315.3
4,window,low,8,932.4
4,window,low,9,1093.3
4,window,low,10,326.1
4,window,low,11,249.7
4,window,low,12,288.5
4,window,high,13,3055.7
4,window,high,14,234.7
4,window,high,15,356.9
4,window,high,16,380.9
4,window,high,17,442.9
4,window,high,18,225.8
4,window,high,19,2446.9
4,window,high,20,257.9
4,window,high,21,218.1
4,window,high,22,3055.7
4,window,high,23,285
4,window,high,24,437.4
5,window,low,1,174.6
5,window,low,2,361.3
5,window,low,3,253.2
5,window,low,4,2000.8
5,window,low,5,269.4
5,window,low,6,874.5
5,window,low,7,524
5,window,low,8,315.2
5,window,low,9,741.3
5,window,low,10,1543.9
5,window,low,11,996
5,window,low,12,613.3
5,window,high,13,286.8
5,window,high,14,369.1
5,window,high,15,1979.3
5,window,high,16,1698.4
5,window,high,17,2409.4
5,window,high,18,254.5
5,window,high,19,1079
5,window,high,20,590.2
5,window,high,21,230
5,window,high,22,1616.5
5,window,high,23,267
5,window,high,24,329.9
6,window,low,1,294.3
6,window,low,2,229.8
6,window,low,3,389.5
6,window,low,4,250
6,window,low,5,376.5
6,window,low,6,278.8
6,window,low,7,249.7
6,window,low,8,211.4
6,window,low,9,272.9
6,window,low,10,178.9
6,window,low,11,268.2
6,window,low,12,289.6
6,window,high,13,354.7
6,window,high,14,309.6
6,window,high,15,206.4
6,window,high,16,280.4
6,window,high,17,343.5
6,window,high,18,172.1
6,window,high,19,233.2
6,window,high,20,205
6,window,high,21,338.1
6,window,high,22,273
6,window,high,23,458
6,window,high,24,191.9
7,window,low,1,522.2
7,window,low,2,278.6
7,window,low,3,725.6
7,window,low,4,429.5
7,window,low,5,519.7
7,window,low,6,486.5
7,window,low,7,725.6
7,window,low,8,554.2
7,window,low,9,527.3
7,window,low,10,273.4
7,window,low,11,404.7
7,window,low,12,489.4
7,window,high,13,416.1
7,window,high,14,249.7
7,window,high,15,322.8
7,window,high,16,294.5
7,window,high,17,351.1
7,window,high,18,349.4
7,window,high,19,287.3
7,window,high,20,380.1
7,window,high,21,467.6
7,window,high,22,314.9
7,window,high,23,451.9
7,window,high,24,357.8
8,window,low,1,489.4
8,window,low,2,482
8,window,low,3,384.6
8,window,low,4,520.4
8,window,low,5,272.9
8,window,low,6,233.6
8,window,low,7,390.8
8,window,low,8,377.6
8,window,low,9,790.9
8,window,low,10,310.9
8,window,low,11,242.9
8,window,low,12,269.6
8,window,high,13,291.3
8,window,high,14,405.5
8,window,high,15,229.7
8,window,high,16,485.5
8,window,high,17,322.6
8,window,high,18,633.4
8,window,high,19,427.4
8,window,high,20,655.4
8,window,high,21,295.5
8,window,high,22,346.2
8,window,high,23,193.7
8,window,high,24,555.9
9,window,low,1,1438.2
9,window,low,2,403.2
9,window,low,3,239.7
9,window,low,4,386.1
9,window,low,5,338.8
9,window,low,6,364.3
9,window,low,7,395.5
9,window,low,8,425.8
9,window,low,9,960.1
9,window,low,10,292.4
9,window,low,11,331.2
9,window,low,12,250.2
9,window,high,13,283.9
9,window,high,14,310.1
9,window,high,15,318.8
9,window,high,16,306.6
9,window,high,17,338.9
9,window,high,18,1298.4
9,window,high,19,282.5
9,window,high,20,356.1
9,window,high,21,478
9,window,high,22,276.9
9,window,high,23,343.6
9,window,high,24,1510.3
10,window,low,1,263.3
10,window,low,2,270.8
10,window,low,3,260.6
10,window,low,4,288.8
10,window,low,5,259.8
10,window,low,6,312.9
10,window,low,7,300
10,window,low,8,292.5
10,window,low,9,503.7
10,window,low,10,223.1
10,window,low,11,300
10,window,low,12,292.8
10,window,high,13,301.6
10,window,high,14,279.7
10,window,high,15,250.9
10,window,high,16,313.4
10,window,high,17,320.5
10,window,high,18,241.2
10,window,high,19,268.1
10,window,high,20,261.5
10,window,high,21,318.3
10,window,high,22,429.5
10,window,high,23,273.2
10,window,high,24,299.7
11,window,low,1,523.4
11,window,low,2,399.9
11,window,low,3,204.6
11,window,low,4,311.4
11,window,low,5,361.6
11,window,low,6,330.4
11,window,low,7,423
11,window,low,8,272.6
11,window,low,9,541.4
11,window,low,10,283.7
11,window,low,11,234.3
11,window,low,12,387.7
11,window,high,13,453.2
11,window,high,14,336.1
11,window,high,15,1164.2
11,window,high,16,1001.3
11,window,high,17,329.9
11,window,high,18,669.5
11,window,high,19,953.2
11,window,high,20,365.1
11,window,high,21,406.7
11,window,high,22,441.3
11,window,high,23,333.4
11,window,high,24,351.7
12,window,low,1,333.1
12,window,low,2,423.8
12,window,low,3,342.1
12,window,low,4,356.2
12,window,low,5,552.7
12,window,low,6,335.5
12,window,low,7,398.3
12,window,low,8,313.4
12,window,low,9,605.8
12,window,low,10,324.5
12,window,low,11,321.7
12,window,low,12,386.3
12,window,high,13,403.4
12,window,high,14,359.6
12,window,high,15,349.6
12,window,high,16,287.5
12,window,high,17,339.6
12,window,high,18,291.8
12,window,high,19,294.2
12,window,high,20,298.6
12,window,high,21,349.6
12,window,high,22,344
12,window,high,23,472.2
12,window,high,24,605.8
13,window,low,1,399.5
13,window,low,2,433.6
13,window,low,3,300.5
13,window,low,4,248.2
13,window,low,5,412.8
13,window,low,6,441.8
13,window,low,7,344.2
13,window,low,8,440.9
13,window,low,9,462.5
13,window,low,10,412.3
13,window,low,11,339.6
13,window,low,12,277
13,window,high,13,251
13,window,high,14,429.8
13,window,high,15,435
13,window,high,16,459.4
13,window,high,17,396.1
13,window,high,18,358.9
13,window,high,19,698
13,window,high,20,375.7
13,window,high,21,298
13,window,high,22,653.2
13,window,high,23,452.3
13,window,high,24,530.5
14,window,low,1,326.7
14,window,low,2,410.8
14,window,low,3,354.2
14,window,low,4,492.4
14,window,low,5,1573
14,window,low,6,2121.8
14,window,low,7,381.7
14,window,low,8,393.9
14,window,low,9,1737.8
14,window,low,10,1417.5
14,window,low,11,1897.6
14,window,low,12,562.1
14,window,high,13,467.7
14,window,high,14,392.1
14,window,high,15,346.3
14,window,high,16,362.6
14,window,high,17,664.5
14,window,high,18,359.9
14,window,high,19,2121.8
14,window,high,20,226.5
14,window,high,21,319.6
14,window,high,22,419.8
14,window,high,23,252.8
14,window,high,24,806.6
15,window,low,1,230.4
15,window,low,2,221.3
15,window,low,3,252.4
15,window,low,4,539.1
15,window,low,5,267.6
15,window,low,6,211.7
15,window,low,7,581.5
15,window,low,8,179.3
15,window,low,9,581.5
15,window,low,10,283.1
15,window,low,11,249.7
15,window,low,12,235.6
15,window,high,13,279.3
15,window,high,14,215
15,window,high,15,250
15,window,high,16,250
15,window,high,17,281.7
15,window,high,18,259.7
15,window,high,19,206.5
15,window,high,20,279.7
15,window,high,21,228.3
15,window,high,22,193.2
15,window,high,23,241.8
15,window,high,24,263.9
16,window,low,1,128.4
16,window,low,2,250
16,window,low,3,230.9
16,window,low,4,190.1
16,window,low,5,82.6
16,window,low,6,108
16,window,low,7,259.4
16,window,low,8,210.8
16,window,low,10,150.2
16,window,low,11,160.2
16,window,low,12,111.3
16,window,high,13,149.3
16,window,high,14,202.6
16,window,high,16,255.1
16,window,high,17,154.9
16,window,high,18,124.3
16,window,high,19,550.8
16,window,high,20,151.7
16,window,high,21,390.6
16,window,high,22,244
16,window,high,23,304.3
16,window,high,24,243
17,window,low,13,260
17,window,low,14,270
17,window,low,15,241.7
17,window,low,16,331.5
17,window,low,17,283.1
17,window,low,18,264.8
17,window,low,19,369.6
17,window,low,20,326.4
17,window,low,21,324.9
17,window,low,22,271.9
17,window,low,23,753.6
17,window,low,24,354.4
17,window,high,1,222.2
17,window,high,2,259
17,window,high,3,319.9
17,window,high,4,753.6
17,window,high,5,387.7
17,window,high,6,211.5
17,window,high,7,383.7
17,window,high,8,390.5
17,window,high,9,589.1
17,window,high,10,479.7
17,window,high,11,305.8
17,window,high,12,279.6
18,window,low,13,359.4
18,window,low,14,524.7
18,window,low,15,413.4
18,window,low,16,550.4
18,window,low,17,2157.2
18,window,low,18,279.7
18,window,low,19,1521.2
18,window,low,20,367.5
18,window,low,21,720.9
18,window,low,22,415.1
18,window,low,23,305.7
18,window,low,24,1123.1
18,window,high,1,390.3
18,window,high,2,352.4
18,window,high,3,328.2
18,window,high,4,1869.5
18,window,high,5,380.5
18,window,high,6,837.3
18,window,high,7,926
18,window,high,8,489.4
18,window,high,9,868.3
18,window,high,10,2046.9
18,window,high,11,380.2
18,window,high,12,433.7
19,window,low,13,391
19,window,low,14,387.6
19,window,low,15,400.8
19,window,low,16,594.8
19,window,low,17,1550.8
19,window,low,18,693.5
19,window,low,19,982.8
19,window,low,20,483.9
19,window,low,21,585.8
19,window,low,22,374.1
19,window,low,23,1018.8
19,window,low,24,1550.8
19,window,high,1,359.6
19,window,high,2,778
19,window,high,3,371.6
19,window,high,4,794.4
19,window,high,5,1140.7
19,window,high,6,325.7
19,window,high,7,311
19,window,high,8,285.4
19,window,high,9,1013.8
19,window,high,10,374.9
19,window,high,11,1031.7
19,window,high,12,909.5
20,window,low,13,910
20,window,low,14,463
20,window,low,15,380.7
20,window,low,16,479.7
20,window,low,17,836.8
20,window,low,18,319.9
20,window,low,19,344.5
20,window,low,20,489.7
20,window,low,21,481.5
20,window,low,22,266.1
20,window,low,23,444.7
20,window,low,24,359.9
20,window,high,1,355.7
20,window,high,2,729.4
20,window,high,3,454.7
20,window,high,4,402.1
20,window,high,5,401.1
20,window,high,6,344.9
20,window,high,7,636.9
20,window,high,8,375.8
20,window,high,9,910
20,window,high,10,520.4
20,window,high,11,335.1
20,window,high,12,319.9
21,window,low,13,433.1
21,window,low,14,359.6
21,window,low,15,271.1
21,window,low,16,551
21,window,low,17,439.8
21,window,low,18,560.3
21,window,low,19,1084.2
21,window,low,20,380.3
21,window,low,21,1309.8
21,window,low,22,489.7
21,window,low,23,284.8
21,window,low,24,339.4
21,window,high,1,357.8
21,window,high,2,384.2
21,window,high,3,321
21,window,high,4,2469.7
21,window,high,5,447
21,window,high,6,633.8
21,window,high,7,329.9
21,window,high,8,242.8
21,window,high,9,195.4
21,window,high,10,248.5
21,window,high,11,793.6
21,window,high,12,720.6
22,window,low,13,282.6
22,window,low,14,349.9
22,window,low,15,562.2
22,window,low,16,898.8
22,window,low,17,256.3
22,window,low,18,739.1
22,window,low,19,898.8
22,window,low,20,199.8
22,window,low,21,247
22,window,low,22,290.4
22,window,low,23,280
22,window,low,24,236.5
22,window,high,1,229.7
22,window,high,2,284.5
22,window,high,3,379.6
22,window,high,4,345.7
22,window,high,5,579.6
22,window,high,6,279.8
22,window,high,7,394.4
22,window,high,8,230.9
22,window,high,9,219.8
22,window,high,10,353.8
22,window,high,11,460.6
22,window,high,12,202.9
23,window,low,13,289.6
23,window,low,14,462.7
23,window,low,15,292.8
23,window,low,16,188.2
23,window,low,17,425.1
23,window,low,18,314.9
23,window,low,19,303
23,window,low,20,389.4
23,window,low,21,368.2
23,window,low,22,294.1
23,window,low,23,265.1
23,window,low,24,578.1
23,window,high,1,433.9
23,window,high,2,551.6
23,window,high,3,541.1
23,window,high,4,381
23,window,high,5,359.6
23,window,high,6,349.5
23,window,high,7,638.3
23,window,high,8,358.3
23,window,high,9,472.3
23,window,high,10,384.8
23,window,high,11,148.4
23,window,high,12,255.9
24,window,low,13,829
24,window,low,14,609.5
24,window,low,15,957.5
24,window,low,16,273.2
24,window,low,17,453.1
24,window,low,18,1195
24,window,low,19,435.4
24,window,low,20,399.6
24,window,low,21,1148.2
24,window,low,22,562.2
24,window,low,23,1122.6
24,window,low,24,437.4
24,window,high,1,540.1
24,window,high,2,315.6
24,window,high,3,556.7
24,window,high,4,429.9
24,window,high,5,570.7
24,window,high,6,913.3
24,window,high,7,539.9
24,window,high,8,796.7
24,window,high,9,404.4
24,window,high,10,393.6
24,window,high,11,487.2
24,window,high,12,379.2
25,window,low,13,687
25,window,low,14,241
25,window,low,15,260.5
25,window,low,16,309.5
25,window,low,17,230
25,window,low,18,274.7
25,window,low,19,429.5
25,window,low,20,319.9
25,window,low,21,135
25,window,low,22,379.6
25,window,low,23,290
25,window,low,24,282.5
25,window,high,1,253.9
25,window,high,2,351.4
25,window,high,3,254.3
25,window,high,4,781
25,window,high,5,233.8
25,window,high,6,244.3
25,window,high,7,341.1
25,window,high,8,259.7
25,window,high,9,365.2
25,window,high,10,262.2
25,window,high,11,273.4
25,window,high,12,290.5
26,window,low,13,276.7
26,window,low,14,172.1
26,window,low,15,200.1
26,window,low,16,428.9
26,window,low,17,280
26,window,low,18,225.1
26,window,low,19,232.1
26,window,low,20,270.4
26,window,low,21,238
26,window,low,22,254.1
26,window,low,23,190.1
26,window,low,24,272.7
26,window,high,1,186.2
26,window,high,2,279.6
26,window,high,3,319.9
26,window,high,4,260.6
26,window,high,5,260
26,window,high,6,203.7
26,window,high,7,270.5
26,window,high,8,207.7
26,window,high,9,255.1
26,window,high,10,263.7
26,window,high,11,227
26,window,high,12,567.8
27,window,low,13,698.5
27,window,low,14,722.2
27,window,low,15,669.4
27,window,low,16,193.9
27,window,low,17,284.6
27,window,low,18,222.3
27,window,low,19,268.7
27,window,low,20,279.7
27,window,low,21,602.1
27,window,low,22,355.3
27,window,low,23,262.3
27,window,low,24,455.9
27,window,high,1,189.4
27,window,high,2,1209.6
27,window,high,3,743
27,window,high,4,319.6
27,window,high,5,874.1
27,window,high,6,529.4
27,window,high,7,372.9
27,window,high,8,1071.7
27,window,high,9,1061.9
27,window,high,10,884.4
27,window,high,11,371.6
27,window,high,12,436.7
28,window,low,13,1085.4
28,window,low,14,334.9
28,window,low,15,429.5
28,window,low,16,371.3
28,window,low,17,582.1
28,window,low,18,690.9
28,window,low,19,379.9
28,window,low,20,494.9
28,window,low,21,403.8
28,window,low,22,609.8
28,window,low,23,1085.4
28,window,low,24,492.7
28,window,high,1,549.7
28,window,high,2,859.7
28,window,high,3,532.7
28,window,high,4,589.7
28,window,high,5,504.1
28,window,high,6,610.8
28,window,high,7,1042.3
28,window,high,8,549.3
28,window,high,9,399.5
28,window,high,10,407.2
28,window,high,11,389.5
28,window,high,12,448.9
29,window,low,13,641.6
29,window,low,14,754.8
29,window,low,15,690.9
29,window,low,16,769
29,window,low,17,408.6
29,window,low,18,1499
29,window,low,19,2465.9
29,window,low,20,455.9
29,window,low,21,988.7
29,window,low,22,1048.6
29,window,low,23,655.8
29,window,low,24,536.5
29,window,high,1,372.2
29,window,high,2,579.5
29,window,high,3,711.5
29,window,high,4,805
29,window,high,5,2110.5
29,window,high,6,2316.4
29,window,high,7,984.2
29,window,high,8,486.2
29,window,high,9,849.2
29,window,high,10,861.1
29,window,high,11,844.8
29,window,high,12,2081.8
30,window,low,13,304.2
30,window,low,14,276.4
30,window,low,15,405.5
30,window,low,16,359.6
30,window,low,17,279.7
30,window,low,18,221.1
30,window,low,19,283.1
30,window,low,20,549.3
30,window,low,21,264.7
30,window,low,22,299.6
30,window,low,23,307.1
30,window,low,24,280
30,window,high,1,299.6
30,window,high,2,313
30,window,high,3,253.6
30,window,high,4,439.5
30,window,high,5,351.2
30,window,high,6,295.3
30,window,high,7,319.9
30,window,high,8,323.5
30,window,high,9,574.8
30,window,high,10,574.8
30,window,high,11,331.4
30,window,high,12,382.4
31,window,low,13,1084.8
31,window,low,14,2057.7
31,window,low,15,1353.6
31,window,low,16,589.3
31,window,low,17,976.5
31,window,low,18,1731.5
31,window,low,19,1113.9
31,window,low,20,484.6
31,window,low,21,762
31,window,low,22,404.7
31,window,low,23,1262.7
31,window,low,24,567.6
31,window,high,1,455.6
31,window,high,2,714
31,window,high,3,671.5
31,window,high,4,1043.1
31,window,high,5,2558.3
31,window,high,6,2150
31,window,high,7,531.2
31,window,high,8,863.5
31,window,high,9,938.8
31,window,high,10,709.1
31,window,high,11,433.5
31,window,high,12,1102.9
32,window,low,13,185.6
32,window,low,14,239.7
32,window,low,15,209.8
32,window,low,16,192.2
32,window,low,17,359.9
32,window,low,18,552.1
32,window,low,19,1059.6
32,window,low,20,320.3
32,window,low,21,276.4
32,window,low,22,263.7
32,window,low,23,343.1
32,window,low,24,204.9
32,window,high,1,335.4
32,window,high,2,217.2
32,window,high,3,175
32,window,high,4,432.4
32,window,high,5,849
32,window,high,6,984.1
32,window,high,7,413.4
32,window,high,8,238.9
32,window,high,9,924.1
32,window,high,10,378.4
32,window,high,11,199.8
32,window,high,12,230.1
33,maze,low,1,652.4
33,maze,low,2,771.9
33,maze,low,5,866.2
33,maze,low,6,869.7
33,maze,low,7,624.5
33,maze,low,8,559.3
33,maze,low,9,786.9
33,maze,low,10,733.2
33,maze,low,11,526.5
33,maze,low,12,650.1
33,maze,high,13,1168.5
33,maze,high,14,614.3
33,maze,high,15,1430.9
33,maze,high,16,574.8
33,maze,high,17,1430.9
33,maze,high,18,871.5
33,maze,high,19,1268.3
33,maze,high,20,662
33,maze,high,21,878.9
33,maze,high,22,778.6
33,maze,high,23,825.4
33,maze,high,24,776
34,maze,low,1,1018.6
34,maze,low,2,752.1
34,maze,low,3,894.3
34,maze,low,4,746.8
34,maze,low,5,873.2
34,maze,low,6,1110
34,maze,low,7,851.8
34,maze,low,8,534.6
34,maze,low,10,406.1
34,maze,low,12,1439.3
34,maze,high,13,1096.3
34,maze,high,14,746.3
34,maze,high,15,947.1
34,maze,high,16,1029.9
34,maze,high,17,1280.6
34,maze,high,19,825.2
34,maze,high,20,970.6
34,maze,high,21,769.4
34,maze,high,22,1117.4
34,maze,high,23,879.6
34,maze,high,24,877.2
35,maze,low,1,1018.9
35,maze,low,2,1632.3
35,maze,low,4,702.2
35,maze,low,7,2582.1
35,maze,low,8,762.9
35,maze,low,10,717.6
35,maze,low,11,1167.4
35,maze,low,12,889
35,maze,high,14,3048.1
35,maze,high,15,2260.2
35,maze,high,16,1346.9
35,maze,high,17,2319.3
35,maze,high,18,2638.1
35,maze,high,19,1209.8
35,maze,high,21,1193.3
35,maze,high,22,1048.8
35,maze,high,23,891.2
35,maze,high,24,779.1
36,maze,low,1,786.7
36,maze,low,2,620.5
36,maze,low,4,1001.2
36,maze,low,5,946.1
36,maze,low,6,931.8
36,maze,low,7,1119.9
36,maze,low,8,743.5
36,maze,low,9,1063
36,maze,low,10,921.5
36,maze,low,11,909.5
36,maze,low,12,799
36,maze,high,13,1018.7
36,maze,high,14,1692.4
36,maze,high,15,1709.3
36,maze,high,16,755.2
36,maze,high,17,1825
36,maze,high,18,1638.3
36,maze,high,19,1310
36,maze,high,21,930.8
36,maze,high,22,901.2
36,maze,high,23,1245.2
36,maze,high,24,985.4
37,maze,low,1,479.5
37,maze,low,3,579.3
37,maze,low,4,529.8
37,maze,low,5,772.5
37,maze,low,6,750.9
37,maze,low,7,784.9
37,maze,low,8,589.2
37,maze,low,9,942.5
37,maze,low,11,610.9
37,maze,low,12,693
37,maze,high,13,1141.2
37,maze,high,15,1443.8
37,maze,high,17,747.8
37,maze,high,19,1024.1
37,maze,high,21,1168.5
37,maze,high,22,1614.9
37,maze,high,24,1102.2
38,maze,low,1,727.4
38,maze,low,3,773.5
38,maze,low,4,1034.1
38,maze,low,5,619.2
38,maze,low,6,669.2
38,maze,low,7,638.5
38,maze,low,8,514.5
38,maze,low,9,685.6
38,maze,low,10,562.4
38,maze,low,11,1011.1
38,maze,low,12,580.4
38,maze,high,13,988.8
38,maze,high,14,767.1
38,maze,high,15,1425.2
38,maze,high,16,629.2
38,maze,high,17,728.7
38,maze,high,18,858.8
38,maze,high,19,640.9
38,maze,high,20,757.9
38,maze,high,21,987.1
38,maze,high,22,880.9
38,maze,high,23,881.5
38,maze,high,24,1330.3
39,maze,low,1,559.3
39,maze,low,2,640.5
39,maze,low,3,693.2
39,maze,low,4,569.7
39,maze,low,5,852.3
39,maze,low,6,699.1
39,maze,low,10,632.8
39,maze,low,11,594.5
39,maze,low,12,589.3
39,maze,high,13,651.4
39,maze,high,17,1299.9
39,maze,high,19,852.4
39,maze,high,24,805.1
40,maze,low,1,772.7
40,maze,low,2,817
40,maze,low,3,839
40,maze,low,4,611.7
40,maze,low,5,1073.1
40,maze,low,6,905.4
40,maze,low,7,850.8
40,maze,low,8,582.4
40,maze,low,10,905.4
40,maze,low,11,620
40,maze,high,13,886.3
40,maze,high,14,1068.7
40,maze,high,15,703.4
40,maze,high,16,768.1
40,maze,high,17,635.7
40,maze,high,18,893.9
40,maze,high,19,885.9
40,maze,high,20,1803.5
40,maze,high,21,809.7
40,maze,high,22,717.1
40,maze,high,23,823.1
40,maze,high,24,1210.6
41,maze,low,1,893.6
41,maze,low,2,496.1
41,maze,low,3,1065.7
41,maze,low,4,724.5
41,maze,low,5,1045.2
41,maze,low,6,576.3
41,maze,low,7,817.9
41,maze,low,9,1319.7
41,maze,low,10,733.6
41,maze,low,11,899.6
41,maze,low,12,498.4
41,maze,high,13,783.3
41,maze,high,15,722.7
41,maze,high,16,1038.7
41,maze,high,17,619.8
41,maze,high,19,665.8
41,maze,high,20,1319.7
41,maze,high,21,780.1
41,maze,high,22,658.1
41,maze,high,23,777.1
41,maze,high,24,1054.9
42,maze,low,1,699.8
42,maze,low,2,814.8
42,maze,low,3,1083.1
42,maze,low,5,569.3
42,maze,low,6,849.8
42,maze,low,7,1297.7
42,maze,low,8,998.4
42,maze,low,9,605.2
42,maze,low,10,628.1
42,maze,low,11,511.4
42,maze,low,12,791.9
42,maze,high,13,948
42,maze,high,14,1638.2
42,maze,high,15,1205.2
42,maze,high,17,981.3
42,maze,high,18,1558.3
42,maze,high,19,1428.2
42,maze,high,21,1533.7
42,maze,high,22,902.1
42,maze,high,23,1239.8
43,maze,low,1,479.2
43,maze,low,3,1356.7
43,maze,low,4,453.6
43,maze,low,5,663.3
43,maze,low,6,552.3
43,maze,low,7,499.4
43,maze,low,8,569.3
43,maze,low,12,933.8
43,maze,high,13,580.6
43,maze,high,14,1285.6
43,maze,high,17,562.2
43,maze,high,19,826.2
43,maze,high,20,614
43,maze,high,21,495
43,maze,high,22,729
43,maze,high,24,560.6
44,maze,low,1,729.1
44,maze,low,2,675.5
44,maze,low,3,724.6
44,maze,low,7,804.3
44,maze,low,8,660.1
44,maze,low,9,594.8
44,maze,low,10,483.2
44,maze,low,11,572.3
44,maze,low,12,700.7
44,maze,high,13,898.6
44,maze,high,14,783.1
44,maze,high,15,1198.9
44,maze,high,16,709.1
44,maze,high,17,906.9
44,maze,high,18,667.2
44,maze,high,19,730.5
44,maze,high,20,621.9
44,maze,high,21,549.1
44,maze,high,22,412
44,maze,high,23,1183.2
45,maze,low,1,1120
45,maze,low,2,1199.8
45,maze,low,3,821.5
45,maze,low,4,948.8
45,maze,low,6,1068.4
45,maze,low,7,1798.5
45,maze,low,9,2518.7
45,maze,low,10,533.7
45,maze,low,12,2160.8
45,maze,high,13,1634.8
45,maze,high,14,1078.3
45,maze,high,15,2518.7
45,maze,high,16,815.5
45,maze,high,18,1139.2
45,maze,high,19,1212.2
45,maze,high,20,828.1
45,maze,high,21,783.7
45,maze,high,22,950.2
45,maze,high,23,1052.1
45,maze,high,24,853.3
46,maze,low,1,740.7
46,maze,low,2,493
46,maze,low,3,532.8
46,maze,low,4,783.5
46,maze,low,5,602.1
46,maze,low,6,829.2
46,maze,low,7,667.8
46,maze,low,8,914.1
46,maze,low,9,570
46,maze,low,10,665.9
46,maze,low,11,872.9
46,maze,high,13,1201.1
46,maze,high,14,883.1
46,maze,high,15,1439.4
46,maze,high,16,1176.5
46,maze,high,17,800.3
46,maze,high,18,741.2
46,maze,high,19,621.9
46,maze,high,20,1029
46,maze,high,21,589.6
46,maze,high,22,775.2
46,maze,high,23,1439.4
46,maze,high,24,689.1
47,maze,low,1,645
47,maze,low,2,774.5
47,maze,low,3,715.4
47,maze,low,4,691.6
47,maze,low,5,686.4
47,maze,low,6,640.2
47,maze,low,7,630.2
47,maze,low,8,552
47,maze,low,9,849.6
47,maze,low,10,609.2
47,maze,low,11,661.6
47,maze,low,12,596.5
47,maze,high,13,542.1
47,maze,high,15,1069.8
47,maze,high,16,499.6
47,maze,high,17,1236.3
47,maze,high,18,812.3
47,maze,high,19,812
47,maze,high,20,661.6
47,maze,high,21,829
47,maze,high,22,588
47,maze,high,23,689.3
47,maze,high,24,1236.3
48,maze,low,3,840.2
48,maze,low,4,1185.4
48,maze,low,5,1381.6
48,maze,low,6,1138.1
48,maze,low,7,778.6
48,maze,low,8,640.6
48,maze,low,9,944.7
48,maze,low,10,1081.3
48,maze,low,11,894
48,maze,low,12,1260.3
48,maze,high,15,1010.6
48,maze,high,16,2090.8
48,maze,high,17,2213.4
48,maze,high,18,1106.6
48,maze,high,20,1228.4
48,maze,high,21,1448.1
48,maze,high,22,883
48,maze,high,23,938.8
49,maze,low,13,519.4
49,maze,low,14,1221.4
49,maze,low,15,878.6
49,maze,low,16,517
49,maze,low,17,828.9
49,maze,low,18,924.5
49,maze,low,19,951.7
49,maze,low,20,922.3
49,maze,low,21,1054
49,maze,low,22,833.4
49,maze,low,23,753
49,maze,high,1,665.5
49,maze,high,2,1108.6
49,maze,high,3,756.5
49,maze,high,4,645.4
49,maze,high,5,924.8
49,maze,high,6,984.6
49,maze,high,7,990.3
49,maze,high,9,1401.5
49,maze,high,10,901.7
49,maze,high,11,1257.1
49,maze,high,12,633.3
50,maze,low,13,759.1
50,maze,low,14,770.2
50,maze,low,15,934.2
50,maze,low,16,952.6
50,maze,low,17,536.4
50,maze,low,18,523
50,maze,low,19,886.5
50,maze,low,20,852.4
50,maze,low,21,906.3
50,maze,low,22,898.9
50,maze,low,23,638.8
50,maze,low,24,799
50,maze,high,1,1152.9
50,maze,high,2,649.2
50,maze,high,3,602.5
50,maze,high,4,848.9
50,maze,high,5,692
50,maze,high,6,752.9
50,maze,high,7,740.3
50,maze,high,8,841.2
50,maze,high,9,1152.9
50,maze,high,10,640.1
50,maze,high,11,741
51,maze,low,13,1180.6
51,maze,low,14,609.2
51,maze,low,16,659.5
51,maze,low,17,1321.7
51,maze,low,18,554.3
51,maze,low,20,1223.6
51,maze,low,21,707.2
51,maze,low,22,559.3
51,maze,low,23,853
51,maze,low,24,1038.5
51,maze,high,1,798.5
51,maze,high,2,521.5
51,maze,high,3,1128.9
51,maze,high,5,885.9
51,maze,high,6,783.9
51,maze,high,8,515
51,maze,high,9,569.3
51,maze,high,10,651
51,maze,high,11,625.3
52,maze,low,13,867.2
52,maze,low,14,598.9
52,maze,low,15,765.5
52,maze,low,16,978.8
52,maze,low,17,942.7
52,maze,low,18,625.8
52,maze,low,19,1177.1
52,maze,low,20,669.2
52,maze,low,21,740
52,maze,low,22,1786.1
52,maze,low,23,968.9
52,maze,high,1,1756.1
52,maze,high,2,834.6
52,maze,high,3,984.2
52,maze,high,4,855.2
52,maze,high,6,726.8
52,maze,high,7,1024.8
52,maze,high,8,1062
52,maze,high,9,1786.1
52,maze,high,10,845.4
52,maze,high,11,790.2
52,maze,high,12,689.1
53,maze,low,13,1552.5
53,maze,low,14,1109.2
53,maze,low,15,1188.2
53,maze,low,16,1593
53,maze,low,17,1250.4
53,maze,low,18,1564.3
53,maze,low,19,860.9
53,maze,low,21,990.4
53,maze,low,22,1302.4
53,maze,low,23,2339.8
53,maze,high,1,1196.8
53,maze,high,2,1167.8
53,maze,high,3,2249.6
53,maze,high,7,2277.1
53,maze,high,8,925.2
53,maze,high,9,1728.4
53,maze,high,10,985
53,maze,high,12,1132.1
54,maze,low,13,565.7
54,maze,low,14,664.7
54,maze,low,16,689.1
54,maze,low,17,1065
54,maze,low,18,619.2
54,maze,low,19,637.7
54,maze,low,20,839
54,maze,low,21,1582.3
54,maze,low,22,478
54,maze,low,23,1068.7
54,maze,low,24,771.3
54,maze,high,1,776.2
54,maze,high,2,786.3
54,maze,high,3,878.9
54,maze,high,5,1220.4
54,maze,high,6,710.4
54,maze,high,7,1017.9
54,maze,high,8,858.4
54,maze,high,10,699.1
54,maze,high,11,678.5
55,maze,low,13,800.2
55,maze,low,14,948.8
55,maze,low,15,759
55,maze,low,16,1128.2
55,maze,low,17,911.6
55,maze,low,18,615.4
55,maze,low,19,788
55,maze,low,20,910.1
55,maze,low,21,708.3
55,maze,low,22,569.1
55,maze,low,23,980.3
55,maze,low,24,858.9
55,maze,high,1,702.7
55,maze,high,2,759
55,maze,high,3,642
55,maze,high,4,842.6
55,maze,high,5,1108.6
55,maze,high,6,1196.8
55,maze,high,7,1161.3
55,maze,high,8,798.7
55,maze,high,9,968.3
55,maze,high,10,805.5
55,maze,high,11,782.6
55,maze,high,12,711.8
56,maze,low,13,831.1
56,maze,low,14,724.7
56,maze,low,15,840.3
56,maze,low,16,893.2
56,maze,low,17,853.8
56,maze,low,18,1356.3
56,maze,low,19,1939.8
56,maze,low,20,843.9
56,maze,low,21,1939.8
56,maze,low,22,907
56,maze,low,23,787.8
56,maze,low,24,807.8
56,maze,high,1,1172.9
56,maze,high,2,939
56,maze,high,3,1057.8
56,maze,high,4,749.1
56,maze,high,6,855.4
56,maze,high,7,966.4
56,maze,high,8,799.6
56,maze,high,9,690.5
56,maze,high,10,709.1
56,maze,high,11,1273.6
56,maze,high,12,791.2
57,maze,low,14,551.6
57,maze,low,15,1080.7
57,maze,low,17,655.7
57,maze,low,18,529.6
57,maze,low,19,825.5
57,maze,low,20,705.8
57,maze,low,21,421.6
57,maze,low,22,655.9
57,maze,low,23,1106.5
57,maze,low,24,766.5
57,maze,high,1,671.2
57,maze,high,2,819
57,maze,high,3,1151.7
57,maze,high,4,1396.5
57,maze,high,8,501.1
57,maze,high,9,1068.9
57,maze,high,10,1176.1
57,maze,high,11,549.1
57,maze,high,12,740.3
58,maze,low,14,816.8
58,maze,low,15,1108.6
58,maze,low,17,674.4
58,maze,low,18,1440.3
58,maze,low,19,699.1
58,maze,low,20,624.1
58,maze,low,21,980.3
58,maze,low,22,895.2
58,maze,low,23,709
58,maze,low,24,985.1
58,maze,high,1,1050
58,maze,high,2,1059.7
58,maze,high,3,791.9
58,maze,high,4,2688.6
58,maze,high,5,1049.1
58,maze,high,6,909.8
58,maze,high,7,2689
58,maze,high,9,1017
58,maze,high,10,1363.2
58,maze,high,11,689.1
58,maze,high,12,664.9
59,maze,low,13,669.6
59,maze,low,14,860.8
59,maze,low,15,658.2
59,maze,low,16,634
59,maze,low,17,673.5
59,maze,low,19,559
59,maze,low,21,810.4
59,maze,low,22,634.5
59,maze,low,23,701
59,maze,low,24,647
59,maze,high,1,710.5
59,maze,high,2,754.2
59,maze,high,3,612
59,maze,high,4,1252.5
59,maze,high,6,1252.5
59,maze,high,8,539.6
59,maze,high,9,584.2
59,maze,high,10,868.6
59,maze,high,11,823.7
59,maze,high,12,549.7
60,maze,low,13,592.7
60,maze,low,14,737.7
60,maze,low,15,554.9
60,maze,low,17,704.9
60,maze,low,18,1043.4
60,maze,low,19,655.1
60,maze,low,20,656.1
60,maze,low,21,702
60,maze,low,22,517.4
60,maze,low,23,724.1
60,maze,low,24,682
60,maze,high,1,863.9
60,maze,high,2,621.8
60,maze,high,3,606.5
60,maze,high,4,763.8
60,maze,high,6,744.6
60,maze,high,7,950.9
60,maze,high,8,754.1
60,maze,high,9,708.7
60,maze,high,10,812
60,maze,high,11,668.4
61,maze,low,13,847.4
61,maze,low,14,1430.2
61,maze,low,16,548.5
61,maze,low,17,1217.8
61,maze,low,18,789
61,maze,low,20,1127.7
61,maze,low,21,1129.7
61,maze,low,22,744.9
61,maze,low,23,1229
61,maze,low,24,1278.4
61,maze,high,2,667.6
61,maze,high,3,902.7
61,maze,high,4,728.2
61,maze,high,5,791.3
61,maze,high,6,714
61,maze,high,8,1081.5
61,maze,high,10,940.6
61,maze,high,11,1546.5
61,maze,high,12,1137.1
62,maze,low,14,725.6
62,maze,low,15,882.4
62,maze,low,16,973.7
62,maze,low,17,888.9
62,maze,low,18,899.1
62,maze,low,19,924.2
62,maze,low,21,879.2
62,maze,low,22,779
62,maze,low,23,1063.7
62,maze,low,24,766.8
62,maze,high,1,872.4
62,maze,high,2,968.5
62,maze,high,3,718.4
62,maze,high,5,1285.7
62,maze,high,6,1078.6
62,maze,high,7,1119.2
62,maze,high,8,679.4
62,maze,high,10,741.6
62,maze,high,11,749.6
62,maze,high,12,619.2
63,maze,low,13,1421.4
63,maze,low,14,691
63,maze,low,15,907.7
63,maze,low,16,2163
63,maze,low,17,1721.5
63,maze,low,18,823.4
63,maze,low,19,958.9
63,maze,low,20,2163
63,maze,low,21,712.8
63,maze,low,22,1856.7
63,maze,low,23,848.9
63,maze,low,24,863
63,maze,high,1,714
63,maze,high,2,885.7
63,maze,high,4,1093.5
63,maze,high,5,1068.7
63,maze,high,6,739.5
63,maze,high,7,815.8
63,maze,high,8,1076.2
63,maze,high,9,1802
63,maze,high,10,733.1
63,maze,high,11,1664.8
63,maze,high,12,1209.7
64,maze,low,13,534.2
64,maze,low,15,696.9
64,maze,low,16,600.8
64,maze,low,17,920
64,maze,low,18,619.3
64,maze,low,19,459.9
64,maze,low,20,733.2
64,maze,low,21,610
64,maze,low,22,586.6
64,maze,low,23,579.4
64,maze,low,24,830.2
64,maze,high,1,639.3
64,maze,high,2,629.8
64,maze,high,3,907.7
64,maze,high,4,702.2
64,maze,high,5,891.7
64,maze,high,6,677.5
64,maze,high,7,780.4
64,maze,high,8,688.4
64,maze,high,9,588.9
64,maze,high,10,567.3
64,maze,high,11,898.9
64,maze,high,12,497.4
